renekton,cassiopeia,Seconds
"(nan, nan)","(nan, nan)",128
"(nan, nan)","(nan, nan)",129
"(nan, nan)","(89.0, 60.0)",130
"(nan, nan)","(86.0, 63.0)",131
"(67.0, 82.0)","(83.0, 67.0)",132
"(80.0, 70.0)","(80.0, 70.0)",133
"(79.0, 71.0)","(79.0, 71.0)",134
"(79.0, 71.0)","(79.0, 71.0)",135
"(79.0, 71.0)","(79.0, 71.0)",136
"(79.0, 71.0)","(79.0, 71.0)",137
"(79.0, 71.0)","(79.0, 71.0)",138
"(79.0, 71.0)","(79.0, 71.0)",139
"(79.0, 71.0)","(79.0, 71.0)",140
"(79.0, 71.0)","(79.0, 71.0)",141
"(79.0, 71.0)","(79.0, 71.0)",142
"(79.0, 71.0)","(79.0, 71.0)",143
"(80.0, 71.0)","(80.0, 71.0)",144
"(81.0, 71.0)","(81.0, 71.0)",145
"(81.0, 71.0)","(81.0, 71.0)",146
"(81.0, 71.0)","(81.0, 71.0)",147
"(81.0, 71.0)","(81.0, 71.0)",148
"(81.0, 71.0)","(81.0, 71.0)",149
"(82.0, 71.0)","(82.0, 71.0)",150
"(82.0, 71.0)","(82.0, 71.0)",151
"(68.0, 80.0)","(82.0, 71.0)",152
"(68.0, 80.0)","(82.0, 71.0)",153
"(69.0, 80.0)","(82.0, 71.0)",154
"(69.0, 80.0)","(82.0, 71.0)",155
"(68.0, 80.0)","(81.0, 71.0)",156
"(68.0, 80.0)","(81.0, 71.0)",157
"(68.0, 80.0)","(81.0, 71.0)",158
"(68.0, 81.0)","(80.0, 72.0)",159
"(68.0, 81.0)","(80.0, 72.0)",160
"(67.0, 81.0)","(80.0, 72.0)",161
"(67.0, 81.0)","(80.0, 72.0)",162
"(67.0, 81.0)","(80.0, 72.0)",163
"(67.0, 81.0)","(80.0, 72.0)",164
"(67.0, 81.0)","(79.0, 73.0)",165
"(67.0, 81.0)","(79.0, 73.0)",166
"(66.0, 82.0)","(79.0, 73.0)",167
"(66.0, 82.0)","(78.0, 73.0)",168
"(66.0, 82.0)","(79.0, 72.0)",169
"(66.0, 82.0)","(79.0, 72.0)",170
"(66.0, 82.0)","(78.0, 73.0)",171
"(66.0, 82.0)","(77.0, 73.0)",172
"(66.0, 82.0)","(79.0, 70.0)",173
"(66.0, 82.0)","(79.0, 70.0)",174
"(66.0, 82.0)","(78.0, 72.0)",175
"(66.0, 82.0)","(77.0, 74.0)",176
"(66.0, 82.0)","(77.0, 74.0)",177
"(65.0, 83.0)","(77.0, 74.0)",178
"(65.0, 83.0)","(77.0, 74.0)",179
"(65.0, 83.0)","(77.0, 74.0)",180
"(65.0, 83.0)","(78.0, 73.0)",181
"(65.0, 83.0)","(78.0, 74.0)",182
"(77.0, 75.0)","(77.0, 75.0)",183
"(78.0, 74.0)","(78.0, 74.0)",184
"(77.0, 73.0)","(77.0, 73.0)",185
"(77.0, 73.0)","(77.0, 73.0)",186
"(79.0, 74.0)","(79.0, 74.0)",187
"(78.0, 76.0)","(78.0, 76.0)",188
"(79.0, 77.0)","(79.0, 77.0)",189
"(78.0, 79.0)","(78.0, 79.0)",190
"(77.0, 80.0)","(77.0, 80.0)",191
"(78.0, 79.0)","(78.0, 79.0)",192
"(75.0, 79.0)","(75.0, 79.0)",193
"(74.0, 78.0)","(74.0, 78.0)",194
"(76.0, 78.0)","(76.0, 78.0)",195
"(79.0, 76.0)","(79.0, 76.0)",196
"(81.0, 73.0)","(81.0, 73.0)",197
"(80.0, 70.0)","(80.0, 70.0)",198
"(76.0, 69.0)","(76.0, 69.0)",199
"(76.0, 70.0)","(76.0, 70.0)",200
"(77.0, 68.0)","(77.0, 68.0)",201
"(80.0, 66.0)","(80.0, 66.0)",202
"(82.0, 67.0)","(82.0, 67.0)",203
"(82.0, 70.0)","(82.0, 70.0)",204
"(80.0, 73.0)","(80.0, 73.0)",205
"(78.0, 75.0)","(78.0, 75.0)",206
"(74.0, 76.0)","(74.0, 76.0)",207
"(77.0, 76.0)","(77.0, 76.0)",208
"(80.0, 76.0)","(80.0, 76.0)",209
"(81.0, 76.0)","(81.0, 76.0)",210
"(71.0, 75.0)","(84.0, 74.0)",211
"(86.0, 71.0)","(86.0, 71.0)",212
"(83.0, 71.0)","(83.0, 71.0)",213
"(81.0, 72.0)","(81.0, 72.0)",214
"(80.0, 74.0)","(80.0, 74.0)",215
"(83.0, 75.0)","(83.0, 75.0)",216
"(82.0, 74.0)","(82.0, 74.0)",217
"(81.0, 74.0)","(81.0, 74.0)",218
"(82.0, 74.0)","(82.0, 74.0)",219
"(82.0, 74.0)","(82.0, 74.0)",220
"(81.0, 76.0)","(81.0, 76.0)",221
"(81.0, 75.0)","(81.0, 75.0)",222
"(82.0, 74.0)","(82.0, 74.0)",223
"(82.0, 74.0)","(82.0, 74.0)",224
"(82.0, 73.0)","(82.0, 73.0)",225
"(84.0, 72.0)","(84.0, 72.0)",226
"(82.0, 72.0)","(82.0, 72.0)",227
"(81.0, 72.0)","(81.0, 72.0)",228
"(80.0, 73.0)","(80.0, 73.0)",229
"(82.0, 72.0)","(82.0, 72.0)",230
"(83.0, 69.0)","(83.0, 69.0)",231
"(82.0, 67.0)","(82.0, 67.0)",232
"(73.0, 79.0)","(83.0, 68.0)",233
"(71.0, 81.0)","(84.0, 69.0)",234
"(69.0, 83.0)","(84.0, 71.0)",235
"(68.0, 85.0)","(82.0, 72.0)",236
"(79.0, 73.0)","(79.0, 73.0)",237
"(80.0, 71.0)","(80.0, 71.0)",238
"(78.0, 71.0)","(78.0, 71.0)",239
"(80.0, 72.0)","(80.0, 72.0)",240
"(80.0, 75.0)","(80.0, 75.0)",241
"(75.0, 77.0)","(80.0, 74.0)",242
"(71.0, 80.0)","(80.0, 74.0)",243
"(66.0, 82.0)","(80.0, 74.0)",244
"(71.0, 79.0)","(80.0, 73.0)",245
"(75.0, 75.0)","(80.0, 72.0)",246
"(80.0, 72.0)","(80.0, 72.0)",247
"(82.0, 73.0)","(82.0, 73.0)",248
"(80.0, 74.0)","(80.0, 74.0)",249
"(81.0, 74.0)","(81.0, 74.0)",250
"(81.0, 74.0)","(81.0, 74.0)",251
"(81.0, 73.0)","(81.0, 73.0)",252
"(82.0, 72.0)","(82.0, 72.0)",253
"(81.0, 72.0)","(81.0, 72.0)",254
"(81.0, 71.0)","(81.0, 71.0)",255
"(78.0, 71.0)","(78.0, 71.0)",256
"(75.0, 71.0)","(75.0, 71.0)",257
"(76.0, 71.0)","(76.0, 71.0)",258
"(78.0, 70.0)","(78.0, 70.0)",259
"(78.0, 70.0)","(78.0, 70.0)",260
"(77.0, 72.0)","(77.0, 72.0)",261
"(77.0, 73.0)","(77.0, 73.0)",262
"(75.0, 74.0)","(75.0, 74.0)",263
"(78.0, 73.0)","(78.0, 73.0)",264
"(76.0, 73.0)","(76.0, 73.0)",265
"(63.0, 82.0)","(78.0, 74.0)",266
"(64.0, 81.0)","(79.0, 75.0)",267
"(65.0, 81.0)","(78.0, 72.0)",268
"(66.0, 80.0)","(79.0, 72.0)",269
"(66.0, 80.0)","(80.0, 73.0)",270
"(66.0, 80.0)","(81.0, 76.0)",271
"(66.0, 80.0)","(83.0, 80.0)",272
"(67.0, 81.0)","(84.0, 83.0)",273
"(67.0, 81.0)","(86.0, 86.0)",274
"(67.0, 81.0)","(84.0, 85.0)",275
"(66.0, 81.0)","(82.0, 84.0)",276
"(65.0, 81.0)","(80.0, 83.0)",277
"(70.0, 81.0)","(78.0, 82.0)",278
"(76.0, 81.0)","(76.0, 81.0)",279
"(75.0, 79.0)","(75.0, 79.0)",280
"(74.0, 78.0)","(74.0, 78.0)",281
"(75.0, 77.0)","(75.0, 77.0)",282
"(78.0, 75.0)","(78.0, 75.0)",283
"(75.0, 73.0)","(75.0, 73.0)",284
"(73.0, 73.0)","(73.0, 73.0)",285
"(72.0, 74.0)","(72.0, 74.0)",286
"(74.0, 73.0)","(74.0, 73.0)",287
"(75.0, 74.0)","(75.0, 74.0)",288
"(75.0, 75.0)","(75.0, 75.0)",289
"(78.0, 74.0)","(78.0, 74.0)",290
"(77.0, 73.0)","(77.0, 73.0)",291
"(77.0, 74.0)","(77.0, 74.0)",292
"(77.0, 73.0)","(77.0, 73.0)",293
"(76.0, 74.0)","(76.0, 74.0)",294
"(77.0, 73.0)","(77.0, 73.0)",295
"(80.0, 71.0)","(80.0, 71.0)",296
"(81.0, 69.0)","(81.0, 69.0)",297
"(72.0, 84.0)","(83.0, 67.0)",298
"(75.0, 87.0)","(86.0, 65.0)",299
"(78.0, 89.0)","(89.0, 62.0)",300
"(81.0, 90.0)","(89.0, 64.0)",301
"(84.0, 92.0)","(87.0, 65.0)",302
"(85.0, 90.0)","(85.0, 67.0)",303
"(86.0, 88.0)","(84.0, 70.0)",304
"(87.0, 86.0)","(85.0, 72.0)",305
"(88.0, 84.0)","(85.0, 72.0)",306
"(87.0, 78.0)","(86.0, 72.0)",307
"(86.0, 72.0)","(86.0, 72.0)",308
"(87.0, 70.0)","(87.0, 70.0)",309
"(85.0, 70.0)","(85.0, 70.0)",310
"(84.0, 72.0)","(84.0, 72.0)",311
"(85.0, 72.0)","(85.0, 72.0)",312
"(85.0, 70.0)","(85.0, 70.0)",313
"(85.0, 71.0)","(85.0, 71.0)",314
"(85.0, 72.0)","(85.0, 72.0)",315
"(84.0, 71.0)","(84.0, 71.0)",316
"(86.0, 70.0)","(86.0, 70.0)",317
"(87.0, 68.0)","(87.0, 68.0)",318
"(84.0, 67.0)","(84.0, 67.0)",319
"(86.0, 67.0)","(86.0, 67.0)",320
"(76.0, 74.0)","(86.0, 66.0)",321
"(78.0, 77.0)","(87.0, 66.0)",322
"(87.0, 65.0)","(87.0, 65.0)",323
"(86.0, 66.0)","(86.0, 66.0)",324
"(86.0, 68.0)","(86.0, 68.0)",325
"(85.0, 69.0)","(85.0, 69.0)",326
"(85.0, 70.0)","(85.0, 70.0)",327
"(84.0, 71.0)","(84.0, 71.0)",328
"(84.0, 73.0)","(84.0, 73.0)",329
"(83.0, 74.0)","(83.0, 74.0)",330
"(82.0, 75.0)","(82.0, 75.0)",331
"(82.0, 78.0)","(82.0, 78.0)",332
"(83.0, 82.0)","(83.0, 82.0)",333
"(84.0, 85.0)","(84.0, 85.0)",334
"(84.0, 86.0)","(84.0, 86.0)",335
"(83.0, 83.0)","(83.0, 83.0)",336
"(83.0, 79.0)","(83.0, 79.0)",337
"(83.0, 76.0)","(83.0, 76.0)",338
"(83.0, 74.0)","(83.0, 74.0)",339
"(85.0, 89.0)","(84.0, 72.0)",340
"(83.0, 85.0)","(84.0, 69.0)",341
"(83.0, 68.0)","(83.0, 68.0)",342
"(83.0, 68.0)","(83.0, 68.0)",343
"(83.0, 68.0)","(83.0, 68.0)",344
"(83.0, 69.0)","(83.0, 69.0)",345
"(82.0, 70.0)","(82.0, 70.0)",346
"(83.0, 70.0)","(83.0, 70.0)",347
"(82.0, 70.0)","(82.0, 70.0)",348
"(82.0, 69.0)","(82.0, 69.0)",349
"(83.0, 68.0)","(83.0, 68.0)",350
"(82.0, 68.0)","(82.0, 68.0)",351
"(80.0, 68.0)","(80.0, 68.0)",352
"(81.0, 68.0)","(81.0, 68.0)",353
"(80.0, 69.0)","(80.0, 69.0)",354
"(78.0, 69.0)","(78.0, 69.0)",355
"(77.0, 66.0)","(77.0, 66.0)",356
"(77.0, 67.0)","(77.0, 67.0)",357
"(76.0, 69.0)","(76.0, 69.0)",358
"(74.0, 71.0)","(74.0, 71.0)",359
"(72.0, 73.0)","(72.0, 73.0)",360
"(71.0, 76.0)","(71.0, 76.0)",361
"(72.0, 75.0)","(72.0, 75.0)",362
"(73.0, 73.0)","(73.0, 73.0)",363
"(74.0, 73.0)","(74.0, 73.0)",364
"(72.0, 74.0)","(72.0, 74.0)",365
"(73.0, 74.0)","(73.0, 74.0)",366
"(74.0, 74.0)","(74.0, 74.0)",367
"(71.0, 75.0)","(71.0, 75.0)",368
"(71.0, 74.0)","(71.0, 74.0)",369
"(71.0, 74.0)","(71.0, 74.0)",370
"(70.0, 74.0)","(70.0, 74.0)",371
"(72.0, 72.0)","(72.0, 72.0)",372
"(75.0, 69.0)","(75.0, 69.0)",373
"(77.0, 68.0)","(77.0, 68.0)",374
"(77.0, 68.0)","(77.0, 68.0)",375
"(77.0, 68.0)","(77.0, 68.0)",376
"(62.0, 83.0)","(77.0, 68.0)",377
"(63.0, 83.0)","(82.0, 63.0)",378
"(63.0, 83.0)","(87.0, 58.0)",379
"(64.0, 83.0)","(92.0, 53.0)",380
"(64.0, 83.0)","(97.0, 48.0)",381
"(65.0, 82.0)","(102.0, 43.0)",382
"(66.0, 82.0)","(107.0, 38.0)",383
"(66.0, 82.0)","(112.0, 33.0)",384
"(67.0, 82.0)","(117.0, 28.0)",385
"(67.0, 82.0)","(122.0, 23.0)",386
"(68.0, 82.0)","(127.0, 18.0)",387
"(71.0, 79.0)","(132.0, 13.0)",388
"(74.0, 77.0)","(130.0, 14.0)",389
"(77.0, 75.0)","(127.0, 16.0)",390
"(77.0, 74.0)","(124.0, 18.0)",391
"(77.0, 73.0)","(121.0, 21.0)",392
"(77.0, 73.0)","(119.0, 24.0)",393
"(77.0, 72.0)","(117.0, 27.0)",394
"(76.0, 72.0)","(114.0, 29.0)",395
"(76.0, 71.0)","(112.0, 32.0)",396
"(78.0, 71.0)","(109.0, 35.0)",397
"(75.0, 73.0)","(107.0, 38.0)",398
"(73.0, 75.0)","(96.0, 83.0)",399
"(70.0, 77.0)","(90.0, 83.0)",400
"(68.0, 79.0)","(85.0, 83.0)",401
"(65.0, 81.0)","(88.0, 85.0)",402
"(63.0, 83.0)","(91.0, 87.0)",403
"(60.0, 85.0)","(94.0, 89.0)",404
"(60.0, 85.0)","(98.0, 91.0)",405
"(61.0, 84.0)","(101.0, 93.0)",406
"(61.0, 84.0)","(103.0, 96.0)",407
"(62.0, 83.0)","(106.0, 99.0)",408
"(62.0, 83.0)","(109.0, 101.0)",409
"(63.0, 83.0)","(111.0, 104.0)",410
"(64.0, 82.0)","(112.0, 108.0)",411
"(65.0, 82.0)","(112.0, 108.0)",412
"(65.0, 81.0)","(112.0, 107.0)",413
"(67.0, 80.0)","(111.0, 107.0)",414
"(70.0, 78.0)","(111.0, 106.0)",415
"(74.0, 76.0)","(111.0, 106.0)",416
"(76.0, 74.0)","(111.0, 105.0)",417
"(78.0, 73.0)","(110.0, 105.0)",418
"(78.0, 74.0)","(110.0, 104.0)",419
"(77.0, 74.0)","(110.0, 104.0)",420
"(77.0, 73.0)","(107.0, 101.0)",421
"(77.0, 73.0)","(106.0, 98.0)",422
"(77.0, 72.0)","(104.0, 94.0)",423
"(77.0, 71.0)","(103.0, 91.0)",424
"(77.0, 70.0)","(102.0, 87.0)",425
"(77.0, 68.0)","(102.0, 83.0)",426
"(77.0, 67.0)","(101.0, 80.0)",427
"(77.0, 66.0)","(98.0, 78.0)",428
"(75.0, 62.0)","(95.0, 75.0)",429
"(72.0, 59.0)","(92.0, 72.0)",430
"(72.0, 55.0)","(91.0, 71.0)",431
"(91.0, 68.0)","(91.0, 68.0)",432
"(91.0, 67.0)","(91.0, 67.0)",433
"(89.0, 65.0)","(89.0, 65.0)",434
"(87.0, 64.0)","(87.0, 64.0)",435
"(85.0, 63.0)","(85.0, 63.0)",436
"(85.0, 63.0)","(85.0, 63.0)",437
"(86.0, 64.0)","(86.0, 64.0)",438
"(69.0, 59.0)","(85.0, 66.0)",439
"(66.0, 60.0)","(82.0, 68.0)",440
"(64.0, 60.0)","(80.0, 71.0)",441
"(66.0, 64.0)","(78.0, 74.0)",442
"(77.0, 77.0)","(77.0, 77.0)",443
"(79.0, 76.0)","(79.0, 76.0)",444
"(81.0, 75.0)","(81.0, 75.0)",445
"(84.0, 73.0)","(84.0, 73.0)",446
"(85.0, 71.0)","(85.0, 71.0)",447
"(86.0, 70.0)","(86.0, 70.0)",448
"(84.0, 71.0)","(84.0, 71.0)",449
"(73.0, 75.0)","(84.0, 70.0)",450
"(74.0, 74.0)","(85.0, 69.0)",451
"(74.0, 74.0)","(87.0, 68.0)",452
"(72.0, 72.0)","(89.0, 67.0)",453
"(70.0, 71.0)","(88.0, 67.0)",454
"(68.0, 70.0)","(86.0, 70.0)",455
"(66.0, 68.0)","(88.0, 69.0)",456
"(65.0, 66.0)","(90.0, 67.0)",457
"(63.0, 65.0)","(90.0, 66.0)",458
"(61.0, 64.0)","(89.0, 66.0)",459
"(59.0, 62.0)","(92.0, 65.0)",460
"(56.0, 60.0)","(93.0, 65.0)",461
"(52.0, 58.0)","(91.0, 65.0)",462
"(49.0, 56.0)","(89.0, 64.0)",463
"(46.0, 54.0)","(87.0, 64.0)",464
"(60.0, 60.0)","(99.0, 68.0)",465
"(73.0, 65.0)","(96.0, 68.0)",466
"(87.0, 71.0)","(98.0, 68.0)",467
"(83.0, 69.0)","(99.0, 67.0)",468
"(79.0, 67.0)","(82.0, 64.0)",469
"(74.0, 66.0)","(65.0, 61.0)",470
"(70.0, 64.0)","(48.0, 58.0)",471
"(66.0, 62.0)","(44.0, 57.0)",472
"(62.0, 60.0)","(46.0, 56.0)",473
"(58.0, 59.0)","(47.0, 55.0)",474
"(54.0, 57.0)","(49.0, 55.0)",475
"(50.0, 55.0)","(50.0, 54.0)",476
"(45.0, 53.0)","(52.0, 53.0)",477
"(41.0, 51.0)","(56.0, 53.0)",478
"(37.0, 50.0)","(60.0, 53.0)",479
"(33.0, 48.0)","(64.0, 54.0)",480
"(29.0, 46.0)","(67.0, 56.0)",481
"(24.0, 44.0)","(70.0, 58.0)",482
"(20.0, 43.0)","(72.0, 61.0)",483
"(16.0, 41.0)","(75.0, 64.0)",484
"(12.0, 39.0)","(77.0, 66.0)",485
"(13.0, 38.0)","(81.0, 65.0)",486
"(15.0, 37.0)","(80.0, 69.0)",487
"(16.0, 36.0)","(80.0, 72.0)",488
"(18.0, 35.0)","(80.0, 73.0)",489
"(19.0, 34.0)","(82.0, 71.0)",490
"(20.0, 33.0)","(81.0, 71.0)",491
"(22.0, 32.0)","(80.0, 72.0)",492
"(23.0, 31.0)","(82.0, 69.0)",493
"(24.0, 30.0)","(85.0, 68.0)",494
"(26.0, 29.0)","(89.0, 67.0)",495
"(27.0, 28.0)","(92.0, 66.0)",496
"(29.0, 27.0)","(93.0, 63.0)",497
"(30.0, 26.0)","(92.0, 60.0)",498
"(31.0, 24.0)","(88.0, 60.0)",499
"(33.0, 23.0)","(86.0, 60.0)",500
"(34.0, 22.0)","(87.0, 60.0)",501
"(36.0, 21.0)","(86.0, 60.0)",502
"(37.0, 20.0)","(85.0, 61.0)",503
"(38.0, 19.0)","(81.0, 62.0)",504
"(40.0, 18.0)","(79.0, 61.0)",505
"(41.0, 17.0)","(78.0, 63.0)",506
"(42.0, 16.0)","(78.0, 67.0)",507
"(44.0, 15.0)","(78.0, 70.0)",508
"(45.0, 14.0)","(79.0, 72.0)",509
"(47.0, 13.0)","(79.0, 74.0)",510
"(48.0, 12.0)","(80.0, 74.0)",511
"(49.0, 12.0)","(80.0, 76.0)",512
"(46.0, 12.0)","(80.0, 75.0)",513
"(44.0, 10.0)","(79.0, 75.0)",514
"(42.0, 10.0)","(79.0, 75.0)",515
"(42.0, 10.0)","(81.0, 73.0)",516
"(41.0, 10.0)","(79.0, 74.0)",517
"(41.0, 10.0)","(80.0, 73.0)",518
"(42.0, 11.0)","(79.0, 74.0)",519
"(42.0, 12.0)","(83.0, 74.0)",520
"(41.0, 13.0)","(86.0, 74.0)",521
"(39.0, 13.0)","(88.0, 74.0)",522
"(37.0, 14.0)","(89.0, 74.0)",523
"(36.0, 14.0)","(94.0, 67.0)",524
"(34.0, 15.0)","(99.0, 61.0)",525
"(32.0, 15.0)","(104.0, 54.0)",526
"(30.0, 16.0)","(109.0, 48.0)",527
"(28.0, 16.0)","(114.0, 41.0)",528
"(26.0, 17.0)","(119.0, 34.0)",529
"(25.0, 17.0)","(124.0, 28.0)",530
"(23.0, 18.0)","(129.0, 21.0)",531
"(21.0, 18.0)","(134.0, 15.0)",532
"(16.0, 18.0)","(139.0, 8.0)",533
"(16.0, 18.0)","(136.0, 10.0)",534
"(16.0, 18.0)","(133.0, 12.0)",535
"(16.0, 18.0)","(131.0, 16.0)",536
"(16.0, 18.0)","(129.0, 19.0)",537
"(16.0, 18.0)","(127.0, 22.0)",538
"(16.0, 18.0)","(125.0, 25.0)",539
"(16.0, 18.0)","(123.0, 28.0)",540
"(16.0, 18.0)","(121.0, 32.0)",541
"(16.0, 18.0)","(118.0, 35.0)",542
"(16.0, 18.0)","(116.0, 37.0)",543
"(16.0, 18.0)","(113.0, 40.0)",544
"(16.0, 18.0)","(111.0, 43.0)",545
"(16.0, 18.0)","(109.0, 46.0)",546
"(16.0, 18.0)","(106.0, 50.0)",547
"(16.0, 18.0)","(104.0, 53.0)",548
"(16.0, 18.0)","(101.0, 55.0)",549
"(16.0, 18.0)","(98.0, 58.0)",550
"(16.0, 18.0)","(94.0, 60.0)",551
"(16.0, 18.0)","(91.0, 63.0)",552
"(16.0, 18.0)","(88.0, 65.0)",553
"(30.0, 127.0)","(85.0, 67.0)",554
"(35.0, 121.0)","(82.0, 70.0)",555
"(38.0, 118.0)","(80.0, 72.0)",556
"(41.0, 115.0)","(79.0, 73.0)",557
"(44.0, 112.0)","(80.0, 72.0)",558
"(46.0, 109.0)","(80.0, 72.0)",559
"(49.0, 106.0)","(80.0, 72.0)",560
"(52.0, 103.0)","(78.0, 72.0)",561
"(55.0, 100.0)","(78.0, 72.0)",562
"(58.0, 97.0)","(79.0, 72.0)",563
"(61.0, 94.0)","(80.0, 72.0)",564
"(64.0, 91.0)","(81.0, 73.0)",565
"(65.0, 88.0)","(82.0, 73.0)",566
"(66.0, 84.0)","(81.0, 73.0)",567
"(68.0, 82.0)","(68.0, 82.0)",568
"(68.0, 82.0)","(68.0, 82.0)",569
"(68.0, 82.0)","(68.0, 82.0)",570
"(68.0, 81.0)","(68.0, 81.0)",571
"(68.0, 81.0)","(68.0, 81.0)",572
"(66.0, 82.0)","(66.0, 82.0)",573
"(67.0, 82.0)","(67.0, 82.0)",574
"(69.0, 81.0)","(80.0, 79.0)",575
"(71.0, 80.0)","(94.0, 76.0)",576
"(73.0, 79.0)","(96.0, 79.0)",577
"(75.0, 78.0)","(99.0, 79.0)",578
"(74.0, 77.0)","(103.0, 77.0)",579
"(73.0, 79.0)","(105.0, 76.0)",580
"(70.0, 82.0)","(108.0, 74.0)",581
"(67.0, 84.0)","(110.0, 74.0)",582
"(66.0, 86.0)","(108.0, 73.0)",583
"(65.0, 88.0)","(104.0, 73.0)",584
"(64.0, 90.0)","(96.0, 75.0)",585
"(64.0, 93.0)","(93.0, 75.0)",586
"(63.0, 95.0)","(89.0, 74.0)",587
"(62.0, 97.0)","(87.0, 74.0)",588
"(61.0, 99.0)","(85.0, 75.0)",589
"(63.0, 102.0)","(83.0, 76.0)",590
"(64.0, 102.0)","(82.0, 76.0)",591
"(66.0, 102.0)","(80.0, 76.0)",592
"(67.0, 101.0)","(78.0, 77.0)",593
"(69.0, 101.0)","(76.0, 78.0)",594
"(70.0, 101.0)","(74.0, 78.0)",595
"(71.0, 95.0)","(74.0, 80.0)",596
"(71.0, 95.0)","(73.0, 79.0)",597
"(71.0, 95.0)","(73.0, 79.0)",598
"(68.0, 97.0)","(73.0, 79.0)",599
"(65.0, 98.0)","(74.0, 81.0)",600
"(62.0, 100.0)","(75.0, 84.0)",601
"(59.0, 98.0)","(76.0, 88.0)",602
"(59.0, 95.0)","(77.0, 91.0)",603
"(60.0, 92.0)","(78.0, 94.0)",604
"(60.0, 89.0)","(78.0, 98.0)",605
"(61.0, 86.0)","(76.0, 100.0)",606
"(61.0, 83.0)","(74.0, 103.0)",607
"(62.0, 83.0)","(72.0, 105.0)",608
"(63.0, 83.0)","(72.0, 109.0)",609
"(64.0, 82.0)","(72.0, 110.0)",610
"(65.0, 82.0)","(72.0, 111.0)",611
"(66.0, 82.0)","(74.0, 112.0)",612
"(67.0, 79.0)","(76.0, 112.0)",613
"(68.0, 77.0)","(77.0, 112.0)",614
"(69.0, 74.0)","(79.0, 112.0)",615
"(70.0, 72.0)","(81.0, 112.0)",616
"(71.0, 69.0)","(82.0, 112.0)",617
"(75.0, 69.0)","(84.0, 111.0)",618
"(76.0, 69.0)","(86.0, 111.0)",619
"(76.0, 69.0)","(88.0, 111.0)",620
"(77.0, 69.0)","(89.0, 111.0)",621
"(78.0, 69.0)","(91.0, 111.0)",622
"(80.0, 69.0)","(89.0, 108.0)",623
"(82.0, 69.0)","(88.0, 104.0)",624
"(84.0, 67.0)","(88.0, 100.0)",625
"(83.0, 67.0)","(88.0, 96.0)",626
"(82.0, 66.0)","(90.0, 93.0)",627
"(82.0, 66.0)","(88.0, 89.0)",628
"(81.0, 65.0)","(87.0, 85.0)",629
"(80.0, 65.0)","(86.0, 82.0)",630
"(77.0, 62.0)","(84.0, 78.0)",631
"(74.0, 59.0)","(85.0, 75.0)",632
"(72.0, 56.0)","(87.0, 71.0)",633
"(73.0, 52.0)","(87.0, 70.0)",634
"(76.0, 49.0)","(87.0, 68.0)",635
"(76.0, 45.0)","(88.0, 66.0)",636
"(77.0, 41.0)","(89.0, 64.0)",637
"(78.0, 37.0)","(90.0, 63.0)",638
"(78.0, 33.0)","(91.0, 62.0)",639
"(79.0, 30.0)","(93.0, 60.0)",640
"(80.0, 28.0)","(96.0, 57.0)",641
"(81.0, 26.0)","(98.0, 54.0)",642
"(82.0, 23.0)","(100.0, 50.0)",643
"(82.0, 20.0)","(101.0, 47.0)",644
"(83.0, 18.0)","(102.0, 43.0)",645
"(84.0, 16.0)","(101.0, 40.0)",646
"(85.0, 13.0)","(100.0, 36.0)",647
"(84.0, 13.0)","(99.0, 32.0)",648
"(84.0, 13.0)","(98.0, 28.0)",649
"(83.0, 13.0)","(98.0, 26.0)",650
"(83.0, 13.0)","(98.0, 24.0)",651
"(82.0, 14.0)","(98.0, 26.0)",652
"(81.0, 14.0)","(98.0, 28.0)",653
"(81.0, 14.0)","(99.0, 32.0)",654
"(80.0, 14.0)","(101.0, 35.0)",655
"(80.0, 14.0)","(102.0, 39.0)",656
"(79.0, 14.0)","(102.0, 43.0)",657
"(78.0, 14.0)","(102.0, 47.0)",658
"(76.0, 14.0)","(101.0, 51.0)",659
"(72.0, 14.0)","(99.0, 54.0)",660
"(68.0, 13.0)","(97.0, 58.0)",661
"(68.0, 13.0)","(95.0, 61.0)",662
"(68.0, 13.0)","(93.0, 64.0)",663
"(68.0, 13.0)","(91.0, 66.0)",664
"(68.0, 13.0)","(87.0, 69.0)",665
"(68.0, 13.0)","(87.0, 70.0)",666
"(68.0, 13.0)","(87.0, 70.0)",667
"(68.0, 13.0)","(87.0, 71.0)",668
"(68.0, 13.0)","(88.0, 70.0)",669
"(68.0, 13.0)","(88.0, 68.0)",670
"(68.0, 13.0)","(89.0, 64.0)",671
"(68.0, 13.0)","(90.0, 61.0)",672
"(68.0, 13.0)","(89.0, 57.0)",673
"(68.0, 13.0)","(91.0, 53.0)",674
"(11.0, 133.0)","(91.0, 53.0)",675
"(14.0, 127.0)","(90.0, 55.0)",676
"(17.0, 125.0)","(87.0, 57.0)",677
"(21.0, 122.0)","(87.0, 58.0)",678
"(24.0, 120.0)","(88.0, 61.0)",679
"(28.0, 118.0)","(89.0, 64.0)",680
"(32.0, 117.0)","(87.0, 67.0)",681
"(36.0, 116.0)","(84.0, 69.0)",682
"(39.0, 114.0)","(82.0, 70.0)",683
"(43.0, 111.0)","(84.0, 70.0)",684
"(46.0, 108.0)","(85.0, 70.0)",685
"(49.0, 106.0)","(82.0, 72.0)",686
"(52.0, 103.0)","(80.0, 72.0)",687
"(55.0, 100.0)","(77.0, 73.0)",688
"(58.0, 97.0)","(75.0, 73.0)",689
"(61.0, 94.0)","(77.0, 71.0)",690
"(63.0, 91.0)","(78.0, 70.0)",691
"(66.0, 87.0)","(80.0, 68.0)",692
"(68.0, 84.0)","(80.0, 65.0)",693
"(71.0, 80.0)","(77.0, 62.0)",694
"(74.0, 76.0)","(73.0, 60.0)",695
"(76.0, 77.0)","(70.0, 58.0)",696
"(78.0, 78.0)","(70.0, 55.0)",697
"(80.0, 79.0)","(73.0, 52.0)",698
"(83.0, 81.0)","(75.0, 50.0)",699
"(85.0, 82.0)","(78.0, 50.0)",700
"(87.0, 83.0)","(79.0, 49.0)",701
"(89.0, 84.0)","(81.0, 47.0)",702
"(85.0, 82.0)","(81.0, 47.0)",703
"(82.0, 79.0)","(82.0, 47.0)",704
"(80.0, 76.0)","(83.0, 47.0)",705
"(80.0, 75.0)","(83.0, 47.0)",706
"(79.0, 74.0)","(84.0, 48.0)",707
"(78.0, 73.0)","(84.0, 48.0)",708
"(78.0, 72.0)","(85.0, 48.0)",709
"(80.0, 70.0)","(88.0, 50.0)",710
"(81.0, 69.0)","(91.0, 52.0)",711
"(82.0, 69.0)","(91.0, 54.0)",712
"(83.0, 70.0)","(91.0, 56.0)",713
"(84.0, 70.0)","(91.0, 59.0)",714
"(85.0, 70.0)","(91.0, 61.0)",715
"(86.0, 71.0)","(90.0, 63.0)",716
"(87.0, 71.0)","(90.0, 65.0)",717
"(88.0, 71.0)","(90.0, 68.0)",718
"(89.0, 72.0)","(90.0, 70.0)",719
"(90.0, 72.0)","(90.0, 72.0)",720
"(93.0, 74.0)","(93.0, 74.0)",721
"(97.0, 75.0)","(97.0, 75.0)",722
"(88.0, 84.0)","(100.0, 78.0)",723
"(86.0, 85.0)","(103.0, 80.0)",724
"(84.0, 86.0)","(105.0, 83.0)",725
"(83.0, 88.0)","(104.0, 86.0)",726
"(81.0, 89.0)","(103.0, 90.0)",727
"(79.0, 90.0)","(103.0, 87.0)",728
"(77.0, 91.0)","(103.0, 83.0)",729
"(75.0, 92.0)","(101.0, 80.0)",730
"(74.0, 94.0)","(97.0, 78.0)",731
"(72.0, 95.0)","(95.0, 75.0)",732
"(70.0, 96.0)","(91.0, 73.0)",733
"(71.0, 97.0)","(89.0, 70.0)",734
"(71.0, 97.0)","(86.0, 70.0)",735
"(70.0, 98.0)","(83.0, 71.0)",736
"(70.0, 98.0)","(81.0, 72.0)",737
"(70.0, 98.0)","(79.0, 72.0)",738
"(70.0, 99.0)","(78.0, 71.0)",739
"(69.0, 99.0)","(76.0, 70.0)",740
"(69.0, 100.0)","(76.0, 70.0)",741
"(66.0, 100.0)","(75.0, 70.0)",742
"(63.0, 101.0)","(76.0, 69.0)",743
"(59.0, 98.0)","(78.0, 68.0)",744
"(60.0, 94.0)","(77.0, 66.0)",745
"(60.0, 92.0)","(77.0, 65.0)",746
"(60.0, 91.0)","(77.0, 65.0)",747
"(60.0, 89.0)","(77.0, 65.0)",748
"(59.0, 87.0)","(77.0, 65.0)",749
"(59.0, 86.0)","(86.0, 58.0)",750
"(59.0, 84.0)","(95.0, 51.0)",751
"(60.0, 84.0)","(104.0, 44.0)",752
"(62.0, 83.0)","(114.0, 36.0)",753
"(63.0, 83.0)","(123.0, 29.0)",754
"(64.0, 83.0)","(132.0, 22.0)",755
"(65.0, 83.0)","(141.0, 15.0)",756
"(68.0, 81.0)","(137.0, 8.0)",757
"(69.0, 79.0)","(135.0, 10.0)",758
"(67.0, 81.0)","(132.0, 11.0)",759
"(69.0, 79.0)","(129.0, 14.0)",760
"(71.0, 77.0)","(126.0, 17.0)",761
"(74.0, 75.0)","(123.0, 20.0)",762
"(76.0, 73.0)","(121.0, 23.0)",763
"(78.0, 71.0)","(118.0, 26.0)",764
"(77.0, 71.0)","(115.0, 29.0)",765
"(80.0, 71.0)","(113.0, 32.0)",766
"(82.0, 68.0)","(110.0, 35.0)",767
"(80.0, 70.0)","(108.0, 38.0)",768
"(79.0, 71.0)","(106.0, 41.0)",769
"(78.0, 72.0)","(104.0, 45.0)",770
"(76.0, 74.0)","(101.0, 48.0)",771
"(77.0, 74.0)","(99.0, 52.0)",772
"(78.0, 74.0)","(97.0, 55.0)",773
"(79.0, 74.0)","(95.0, 58.0)",774
"(81.0, 74.0)","(92.0, 60.0)",775
"(82.0, 75.0)","(90.0, 61.0)",776
"(83.0, 75.0)","(87.0, 62.0)",777
"(84.0, 75.0)","(87.0, 60.0)",778
"(85.0, 75.0)","(89.0, 58.0)",779
"(86.0, 75.0)","(91.0, 54.0)",780
"(88.0, 75.0)","(90.0, 51.0)",781
"(89.0, 75.0)","(89.0, 50.0)",782
"(90.0, 75.0)","(91.0, 53.0)",783
"(91.0, 75.0)","(91.0, 57.0)",784
"(92.0, 75.0)","(90.0, 61.0)",785
"(93.0, 76.0)","(90.0, 64.0)",786
"(94.0, 76.0)","(90.0, 68.0)",787
"(96.0, 76.0)","(92.0, 72.0)",788
"(97.0, 76.0)","(89.0, 71.0)",789
"(98.0, 76.0)","(86.0, 69.0)",790
"(99.0, 76.0)","(85.0, 68.0)",791
"(100.0, 76.0)","(82.0, 69.0)",792
"(101.0, 76.0)","(84.0, 70.0)",793
"(103.0, 76.0)","(84.0, 69.0)",794
"(104.0, 76.0)","(82.0, 70.0)",795
"(105.0, 77.0)","(83.0, 69.0)",796
"(106.0, 77.0)","(85.0, 69.0)",797
"(107.0, 77.0)","(86.0, 68.0)",798
"(108.0, 77.0)","(86.0, 68.0)",799
"(109.0, 77.0)","(83.0, 68.0)",800
"(111.0, 77.0)","(84.0, 65.0)",801
"(112.0, 77.0)","(84.0, 64.0)",802
"(113.0, 77.0)","(84.0, 62.0)",803
"(114.0, 77.0)","(84.0, 63.0)",804
"(115.0, 77.0)","(84.0, 64.0)",805
"(116.0, 78.0)","(82.0, 65.0)",806
"(118.0, 78.0)","(82.0, 65.0)",807
"(119.0, 78.0)","(82.0, 65.0)",808
"(120.0, 78.0)","(82.0, 65.0)",809
"(121.0, 78.0)","(83.0, 65.0)",810
"(120.0, 82.0)","(83.0, 65.0)",811
"(118.0, 85.0)","(83.0, 65.0)",812
"(120.0, 88.0)","(85.0, 65.0)",813
"(121.0, 90.0)","(86.0, 66.0)",814
"(121.0, 91.0)","(88.0, 66.0)",815
"(119.0, 92.0)","(89.0, 67.0)",816
"(117.0, 93.0)","(91.0, 67.0)",817
"(115.0, 95.0)","(93.0, 68.0)",818
"(113.0, 96.0)","(94.0, 68.0)",819
"(111.0, 97.0)","(96.0, 69.0)",820
"(111.0, 97.0)","(97.0, 69.0)",821
"(111.0, 97.0)","(99.0, 70.0)",822
"(111.0, 97.0)","(101.0, 70.0)",823
"(111.0, 97.0)","(102.0, 71.0)",824
"(111.0, 97.0)","(104.0, 71.0)",825
"(111.0, 97.0)","(105.0, 72.0)",826
"(111.0, 97.0)","(107.0, 72.0)",827
"(111.0, 97.0)","(107.0, 74.0)",828
"(111.0, 97.0)","(107.0, 74.0)",829
"(111.0, 97.0)","(107.0, 74.0)",830
"(111.0, 97.0)","(107.0, 75.0)",831
"(111.0, 97.0)","(106.0, 75.0)",832
"(111.0, 97.0)","(106.0, 76.0)",833
"(111.0, 97.0)","(106.0, 76.0)",834
"(111.0, 97.0)","(105.0, 77.0)",835
"(111.0, 97.0)","(105.0, 77.0)",836
"(111.0, 97.0)","(105.0, 78.0)",837
"(111.0, 97.0)","(105.0, 78.0)",838
"(111.0, 97.0)","(104.0, 79.0)",839
"(111.0, 97.0)","(104.0, 79.0)",840
"(111.0, 97.0)","(104.0, 80.0)",841
"(111.0, 97.0)","(103.0, 80.0)",842
"(111.0, 97.0)","(103.0, 81.0)",843
"(111.0, 97.0)","(103.0, 81.0)",844
"(111.0, 97.0)","(103.0, 80.0)",845
"(111.0, 97.0)","(103.0, 80.0)",846
"(111.0, 97.0)","(103.0, 80.0)",847
"(111.0, 97.0)","(102.0, 80.0)",848
"(111.0, 97.0)","(102.0, 79.0)",849
"(111.0, 97.0)","(102.0, 79.0)",850
"(111.0, 97.0)","(102.0, 79.0)",851
"(111.0, 97.0)","(102.0, 79.0)",852
"(111.0, 97.0)","(102.0, 78.0)",853
"(111.0, 97.0)","(102.0, 78.0)",854
"(111.0, 97.0)","(102.0, 78.0)",855
"(111.0, 97.0)","(102.0, 78.0)",856
"(111.0, 97.0)","(101.0, 77.0)",857
"(111.0, 97.0)","(101.0, 77.0)",858
"(111.0, 97.0)","(101.0, 77.0)",859
"(111.0, 97.0)","(101.0, 77.0)",860
"(111.0, 97.0)","(101.0, 76.0)",861
"(111.0, 97.0)","(101.0, 76.0)",862
"(111.0, 97.0)","(101.0, 76.0)",863
"(111.0, 97.0)","(101.0, 76.0)",864
"(111.0, 97.0)","(101.0, 75.0)",865
"(111.0, 97.0)","(100.0, 75.0)",866
"(111.0, 97.0)","(100.0, 75.0)",867
"(111.0, 97.0)","(100.0, 75.0)",868
"(111.0, 97.0)","(100.0, 74.0)",869
"(111.0, 97.0)","(100.0, 74.0)",870
"(8.0, 120.0)","(100.0, 74.0)",871
"(8.0, 116.0)","(100.0, 73.0)",872
"(9.0, 112.0)","(100.0, 73.0)",873
"(10.0, 108.0)","(100.0, 73.0)",874
"(11.0, 104.0)","(99.0, 73.0)",875
"(14.0, 101.0)","(99.0, 72.0)",876
"(17.0, 99.0)","(99.0, 72.0)",877
"(20.0, 96.0)","(99.0, 72.0)",878
"(23.0, 93.0)","(99.0, 72.0)",879
"(26.0, 90.0)","(99.0, 71.0)",880
"(29.0, 87.0)","(99.0, 71.0)",881
"(32.0, 84.0)","(99.0, 71.0)",882
"(36.0, 80.0)","(99.0, 71.0)",883
"(39.0, 77.0)","(98.0, 70.0)",884
"(42.0, 74.0)","(98.0, 70.0)",885
"(45.0, 71.0)","(98.0, 70.0)",886
"(48.0, 68.0)","(98.0, 70.0)",887
"(50.0, 67.0)","(98.0, 69.0)",888
"(51.0, 66.0)","(98.0, 69.0)",889
"(53.0, 65.0)","(98.0, 69.0)",890
"(55.0, 64.0)","(98.0, 69.0)",891
"(56.0, 63.0)","(98.0, 68.0)",892
"(58.0, 62.0)","(97.0, 68.0)",893
"(60.0, 61.0)","(97.0, 68.0)",894
"(62.0, 60.0)","(97.0, 68.0)",895
"(63.0, 59.0)","(97.0, 67.0)",896
"(65.0, 58.0)","(97.0, 67.0)",897
"(67.0, 57.0)","(97.0, 67.0)",898
"(68.0, 56.0)","(97.0, 66.0)",899
"(70.0, 55.0)","(97.0, 66.0)",900
"(72.0, 54.0)","(97.0, 66.0)",901
"(74.0, 53.0)","(96.0, 66.0)",902
"(75.0, 52.0)","(96.0, 65.0)",903
"(77.0, 51.0)","(96.0, 65.0)",904
"(79.0, 50.0)","(96.0, 65.0)",905
"(80.0, 49.0)","(96.0, 65.0)",906
"(82.0, 48.0)","(96.0, 64.0)",907
"(80.0, 55.0)","(96.0, 64.0)",908
"(78.0, 54.0)","(96.0, 64.0)",909
"(77.0, 52.0)","(96.0, 64.0)",910
"(75.0, 51.0)","(95.0, 63.0)",911
"(74.0, 50.0)","(95.0, 63.0)",912
"(72.0, 48.0)","(95.0, 63.0)",913
"(71.0, 47.0)","(95.0, 63.0)",914
"(69.0, 46.0)","(95.0, 62.0)",915
"(67.0, 44.0)","(95.0, 62.0)",916
"(66.0, 43.0)","(95.0, 62.0)",917
"(64.0, 41.0)","(95.0, 62.0)",918
"(63.0, 40.0)","(95.0, 61.0)",919
"(61.0, 39.0)","(94.0, 61.0)",920
"(60.0, 37.0)","(94.0, 61.0)",921
"(58.0, 36.0)","(94.0, 61.0)",922
"(54.0, 34.0)","(94.0, 60.0)",923
"(49.0, 32.0)","(94.0, 60.0)",924
"(45.0, 32.0)","(92.0, 61.0)",925
"(40.0, 32.0)","(94.0, 61.0)",926
"(36.0, 32.0)","(97.0, 58.0)",927
"(32.0, 31.0)","(100.0, 56.0)",928
"(28.0, 29.0)","(104.0, 54.0)",929
"(24.0, 27.0)","(107.0, 51.0)",930
"(26.0, 31.0)","(110.0, 51.0)",931
"(28.0, 34.0)","(114.0, 51.0)",932
"(30.0, 38.0)","(118.0, 51.0)",933
"(33.0, 41.0)","(122.0, 52.0)",934
"(36.0, 44.0)","(126.0, 53.0)",935
"(39.0, 46.0)","(129.0, 54.0)",936
"(39.0, 46.0)","(133.0, 55.0)",937
"(38.0, 46.0)","(135.0, 58.0)",938
"(38.0, 46.0)","(136.0, 62.0)",939
"(37.0, 46.0)","(138.0, 65.0)",940
"(37.0, 46.0)","(138.0, 69.0)",941
"(36.0, 45.0)","(139.0, 71.0)",942
"(36.0, 45.0)","(139.0, 73.0)",943
"(35.0, 45.0)","(140.0, 73.0)",944
"(35.0, 45.0)","(141.0, 74.0)",945
"(34.0, 45.0)","(142.0, 75.0)",946
"(34.0, 45.0)","(140.0, 75.0)",947
"(32.0, 41.0)","(136.0, 75.0)",948
"(29.0, 38.0)","(131.0, 76.0)",949
"(27.0, 34.0)","(128.0, 76.0)",950
"(24.0, 31.0)","(124.0, 77.0)",951
"(23.0, 31.0)","(127.0, 76.0)",952
"(23.0, 31.0)","(131.0, 77.0)",953
"(22.0, 31.0)","(135.0, 78.0)",954
"(22.0, 30.0)","(137.0, 81.0)",955
"(21.0, 30.0)","(138.0, 84.0)",956
"(20.0, 30.0)","(138.0, 84.0)",957
"(20.0, 30.0)","(140.0, 83.0)",958
"(19.0, 30.0)","(140.0, 82.0)",959
"(18.0, 30.0)","(140.0, 80.0)",960
"(18.0, 29.0)","(140.0, 81.0)",961
"(17.0, 29.0)","(140.0, 82.0)",962
"(17.0, 29.0)","(141.0, 82.0)",963
"(16.0, 29.0)","(141.0, 81.0)",964
"(16.0, 29.0)","(140.0, 80.0)",965
"(17.0, 28.0)","(138.0, 82.0)",966
"(17.0, 28.0)","(137.0, 85.0)",967
"(18.0, 27.0)","(136.0, 89.0)",968
"(18.0, 26.0)","(136.0, 93.0)",969
"(19.0, 25.0)","(136.0, 97.0)",970
"(20.0, 24.0)","(136.0, 101.0)",971
"(24.0, 22.0)","(135.0, 105.0)",972
"(28.0, 21.0)","(135.0, 109.0)",973
"(30.0, 20.0)","(133.0, 113.0)",974
"(31.0, 19.0)","(132.0, 117.0)",975
"(33.0, 18.0)","(132.0, 119.0)",976
"(35.0, 17.0)","(132.0, 121.0)",977
"(37.0, 16.0)","(132.0, 121.0)",978
"(38.0, 15.0)","(131.0, 120.0)",979
"(40.0, 14.0)","(131.0, 121.0)",980
"(44.0, 14.0)","(131.0, 122.0)",981
"(48.0, 14.0)","(129.0, 125.0)",982
"(53.0, 14.0)","(126.0, 127.0)",983
"(57.0, 14.0)","(123.0, 130.0)",984
"(61.0, 14.0)","(119.0, 132.0)",985
"(65.0, 13.0)","(116.0, 132.0)",986
"(65.0, 13.0)","(112.0, 133.0)",987
"(65.0, 13.0)","(110.0, 135.0)",988
"(65.0, 13.0)","(110.0, 135.0)",989
"(64.0, 13.0)","(110.0, 135.0)",990
"(64.0, 13.0)","(110.0, 135.0)",991
"(64.0, 13.0)","(110.0, 135.0)",992
"(64.0, 13.0)","(110.0, 135.0)",993
"(64.0, 13.0)","(110.0, 135.0)",994
"(64.0, 13.0)","(110.0, 135.0)",995
"(64.0, 13.0)","(110.0, 135.0)",996
"(64.0, 13.0)","(110.0, 135.0)",997
"(63.0, 13.0)","(110.0, 135.0)",998
"(63.0, 13.0)","(110.0, 135.0)",999
"(63.0, 13.0)","(110.0, 135.0)",1000
"(63.0, 13.0)","(110.0, 135.0)",1001
"(60.0, 15.0)","(114.0, 134.0)",1002
"(58.0, 17.0)","(115.0, 134.0)",1003
"(55.0, 19.0)","(115.0, 133.0)",1004
"(52.0, 21.0)","(115.0, 132.0)",1005
"(50.0, 23.0)","(118.0, 131.0)",1006
"(47.0, 25.0)","(118.0, 131.0)",1007
"(47.0, 25.0)","(120.0, 127.0)",1008
"(47.0, 25.0)","(120.0, 123.0)",1009
"(47.0, 25.0)","(119.0, 119.0)",1010
"(47.0, 25.0)","(117.0, 115.0)",1011
"(47.0, 25.0)","(115.0, 112.0)",1012
"(47.0, 25.0)","(114.0, 108.0)",1013
"(47.0, 25.0)","(112.0, 104.0)",1014
"(47.0, 25.0)","(110.0, 101.0)",1015
"(47.0, 25.0)","(107.0, 98.0)",1016
"(47.0, 25.0)","(106.0, 97.0)",1017
"(47.0, 25.0)","(106.0, 94.0)",1018
"(47.0, 25.0)","(105.0, 92.0)",1019
"(47.0, 25.0)","(103.0, 89.0)",1020
"(47.0, 25.0)","(101.0, 87.0)",1021
"(10.0, 133.0)","(100.0, 84.0)",1022
"(14.0, 132.0)","(98.0, 81.0)",1023
"(18.0, 130.0)","(96.0, 79.0)",1024
"(21.0, 127.0)","(94.0, 76.0)",1025
"(23.0, 124.0)","(91.0, 74.0)",1026
"(26.0, 121.0)","(89.0, 70.0)",1027
"(29.0, 118.0)","(89.0, 74.0)",1028
"(32.0, 115.0)","(93.0, 75.0)",1029
"(35.0, 112.0)","(97.0, 76.0)",1030
"(36.0, 108.0)","(101.0, 77.0)",1031
"(37.0, 104.0)","(106.0, 78.0)",1032
"(38.0, 100.0)","(110.0, 79.0)",1033
"(40.0, 97.0)","(114.0, 80.0)",1034
"(41.0, 93.0)","(119.0, 81.0)",1035
"(42.0, 89.0)","(123.0, 82.0)",1036
"(43.0, 85.0)","(124.0, 81.0)",1037
"(44.0, 81.0)","(122.0, 81.0)",1038
"(46.0, 78.0)","(123.0, 80.0)",1039
"(47.0, 74.0)","(123.0, 80.0)",1040
"(48.0, 70.0)","(124.0, 80.0)",1041
"(49.0, 66.0)","(124.0, 79.0)",1042
"(53.0, 64.0)","(125.0, 78.0)",1043
"(57.0, 64.0)","(126.0, 78.0)",1044
"(61.0, 66.0)","(126.0, 78.0)",1045
"(64.0, 65.0)","(127.0, 77.0)",1046
"(68.0, 64.0)","(127.0, 76.0)",1047
"(68.0, 64.0)","(128.0, 76.0)",1048
"(68.0, 63.0)","(128.0, 76.0)",1049
"(68.0, 63.0)","(129.0, 75.0)",1050
"(67.0, 63.0)","(126.0, 76.0)",1051
"(67.0, 62.0)","(129.0, 76.0)",1052
"(67.0, 62.0)","(131.0, 76.0)",1053
"(67.0, 61.0)","(134.0, 76.0)",1054
"(67.0, 61.0)","(134.0, 75.0)",1055
"(67.0, 61.0)","(134.0, 71.0)",1056
"(67.0, 60.0)","(135.0, 67.0)",1057
"(66.0, 60.0)","(135.0, 63.0)",1058
"(66.0, 60.0)","(135.0, 59.0)",1059
"(66.0, 59.0)","(134.0, 55.0)",1060
"(66.0, 59.0)","(131.0, 54.0)",1061
"(66.0, 59.0)","(129.0, 53.0)",1062
"(66.0, 58.0)","(126.0, 53.0)",1063
"(66.0, 58.0)","(124.0, 52.0)",1064
"(65.0, 57.0)","(121.0, 51.0)",1065
"(65.0, 57.0)","(117.0, 51.0)",1066
"(65.0, 57.0)","(115.0, 50.0)",1067
"(65.0, 56.0)","(117.0, 51.0)",1068
"(65.0, 56.0)","(120.0, 52.0)",1069
"(65.0, 56.0)","(122.0, 52.0)",1070
"(64.0, 55.0)","(124.0, 52.0)",1071
"(64.0, 55.0)","(127.0, 53.0)",1072
"(64.0, 54.0)","(129.0, 53.0)",1073
"(64.0, 54.0)","(133.0, 55.0)",1074
"(64.0, 54.0)","(135.0, 58.0)",1075
"(64.0, 53.0)","(137.0, 61.0)",1076
"(64.0, 53.0)","(138.0, 65.0)",1077
"(63.0, 53.0)","(140.0, 68.0)",1078
"(63.0, 52.0)","(140.0, 69.0)",1079
"(63.0, 52.0)","(140.0, 70.0)",1080
"(63.0, 52.0)","(141.0, 70.0)",1081
"(63.0, 51.0)","(141.0, 71.0)",1082
"(63.0, 51.0)","(141.0, 72.0)",1083
"(63.0, 50.0)","(141.0, 73.0)",1084
"(62.0, 50.0)","(142.0, 73.0)",1085
"(62.0, 50.0)","(142.0, 74.0)",1086
"(62.0, 49.0)","(142.0, 75.0)",1087
"(62.0, 49.0)","(140.0, 75.0)",1088
"(60.0, 48.0)","(140.0, 73.0)",1089
"(59.0, 43.0)","(140.0, 69.0)",1090
"(59.0, 38.0)","(140.0, 68.0)",1091
"(58.0, 38.0)","(140.0, 69.0)",1092
"(58.0, 37.0)","(140.0, 67.0)",1093
"(58.0, 36.0)","(140.0, 66.0)",1094
"(57.0, 36.0)","(140.0, 64.0)",1095
"(56.0, 36.0)","(141.0, 62.0)",1096
"(56.0, 35.0)","(141.0, 60.0)",1097
"(56.0, 34.0)","(141.0, 59.0)",1098
"(55.0, 34.0)","(141.0, 57.0)",1099
"(54.0, 34.0)","(141.0, 55.0)",1100
"(54.0, 33.0)","(142.0, 54.0)",1101
"(51.0, 33.0)","(142.0, 52.0)",1102
"(47.0, 33.0)","(142.0, 50.0)",1103
"(44.0, 32.0)","(142.0, 48.0)",1104
"(40.0, 32.0)","(142.0, 47.0)",1105
"(37.0, 32.0)","(142.0, 45.0)",1106
"(33.0, 30.0)","(142.0, 43.0)",1107
"(29.0, 29.0)","(143.0, 41.0)",1108
"(28.0, 32.0)","(143.0, 40.0)",1109
"(29.0, 37.0)","(143.0, 38.0)",1110
"(28.0, 36.0)","(143.0, 42.0)",1111
"(27.0, 35.0)","(142.0, 46.0)",1112
"(26.0, 34.0)","(142.0, 50.0)",1113
"(24.0, 30.0)","(141.0, 54.0)",1114
"(23.0, 26.0)","(141.0, 58.0)",1115
"(21.0, 26.0)","(140.0, 62.0)",1116
"(21.0, 26.0)","(140.0, 66.0)",1117
"(20.0, 26.0)","(139.0, 70.0)",1118
"(20.0, 26.0)","(139.0, 74.0)",1119
"(20.0, 26.0)","(140.0, 78.0)",1120
"(19.0, 25.0)","(139.0, 82.0)",1121
"(19.0, 25.0)","(138.0, 86.0)",1122
"(18.0, 25.0)","(136.0, 89.0)",1123
"(18.0, 25.0)","(135.0, 93.0)",1124
"(20.0, 26.0)","(132.0, 96.0)",1125
"(19.0, 26.0)","(132.0, 96.0)",1126
"(19.0, 27.0)","(132.0, 96.0)",1127
"(18.0, 27.0)","(134.0, 97.0)",1128
"(16.0, 29.0)","(135.0, 99.0)",1129
"(16.0, 29.0)","(135.0, 99.0)",1130
"(16.0, 28.0)","(136.0, 101.0)",1131
"(16.0, 28.0)","(136.0, 103.0)",1132
"(16.0, 28.0)","(138.0, 104.0)",1133
"(17.0, 28.0)","(139.0, 104.0)",1134
"(17.0, 29.0)","(138.0, 103.0)",1135
"(18.0, 29.0)","(138.0, 102.0)",1136
"(18.0, 29.0)","(136.0, 99.0)",1137
"(17.0, 27.0)","(134.0, 96.0)",1138
"(17.0, 27.0)","(130.0, 95.0)",1139
"(17.0, 26.0)","(128.0, 91.0)",1140
"(17.0, 26.0)","(127.0, 88.0)",1141
"(17.0, 26.0)","(125.0, 84.0)",1142
"(16.0, 26.0)","(124.0, 83.0)",1143
"(16.0, 25.0)","(123.0, 82.0)",1144
"(16.0, 25.0)","(122.0, 82.0)",1145
"(16.0, 25.0)","(121.0, 81.0)",1146
"(16.0, 24.0)","(120.0, 80.0)",1147
"(16.0, 24.0)","(119.0, 79.0)",1148
"(16.0, 24.0)","(117.0, 79.0)",1149
"(16.0, 24.0)","(116.0, 78.0)",1150
"(16.0, 24.0)","(115.0, 77.0)",1151
"(15.0, 24.0)","(114.0, 76.0)",1152
"(15.0, 24.0)","(113.0, 76.0)",1153
"(15.0, 24.0)","(112.0, 75.0)",1154
"(15.0, 24.0)","(111.0, 74.0)",1155
"(15.0, 24.0)","(116.0, 74.0)",1156
"(15.0, 24.0)","(120.0, 75.0)",1157
"(16.0, 24.0)","(123.0, 78.0)",1158
"(16.0, 24.0)","(124.0, 81.0)",1159
"(16.0, 24.0)","(124.0, 82.0)",1160
"(16.0, 24.0)","(123.0, 81.0)",1161
"(17.0, 24.0)","(122.0, 79.0)",1162
"(17.0, 24.0)","(124.0, 76.0)",1163
"(17.0, 24.0)","(126.0, 76.0)",1164
"(17.0, 24.0)","(128.0, 78.0)",1165
"(18.0, 24.0)","(130.0, 79.0)",1166
"(18.0, 24.0)","(133.0, 80.0)",1167
"(18.0, 24.0)","(135.0, 82.0)",1168
"(19.0, 24.0)","(135.0, 86.0)",1169
"(19.0, 24.0)","(135.0, 90.0)",1170
"(18.0, 24.0)","(134.0, 94.0)",1171
"(18.0, 24.0)","(131.0, 97.0)",1172
"(17.0, 24.0)","(130.0, 101.0)",1173
"(17.0, 24.0)","(133.0, 99.0)",1174
"(16.0, 24.0)","(135.0, 102.0)",1175
"(16.0, 24.0)","(136.0, 106.0)",1176
"(16.0, 24.0)","(137.0, 110.0)",1177
"(15.0, 24.0)","(139.0, 114.0)",1178
"(15.0, 24.0)","(141.0, 117.0)",1179
"(14.0, 24.0)","(139.0, 120.0)",1180
"(14.0, 24.0)","(138.0, 123.0)",1181
"(15.0, 24.0)","(136.0, 126.0)",1182
"(16.0, 24.0)","(134.0, 126.0)",1183
"(18.0, 23.0)","(132.0, 125.0)",1184
"(19.0, 23.0)","(132.0, 127.0)",1185
"(20.0, 23.0)","(129.0, 127.0)",1186
"(22.0, 22.0)","(127.0, 127.0)",1187
"(23.0, 22.0)","(125.0, 126.0)",1188
"(23.0, 22.0)","(124.0, 123.0)",1189
"(23.0, 22.0)","(123.0, 119.0)",1190
"(23.0, 22.0)","(121.0, 115.0)",1191
"(23.0, 22.0)","(120.0, 111.0)",1192
"(23.0, 22.0)","(118.0, 108.0)",1193
"(23.0, 22.0)","(117.0, 104.0)",1194
"(23.0, 22.0)","(116.0, 100.0)",1195
"(23.0, 22.0)","(116.0, 95.0)",1196
"(23.0, 22.0)","(116.0, 91.0)",1197
"(23.0, 22.0)","(115.0, 88.0)",1198
"(23.0, 22.0)","(116.0, 85.0)",1199
"(23.0, 22.0)","(116.0, 85.0)",1200
